Model,MSE,RMSE,MAE,R2
Random Forest,0.9528052025442357,0.9761174122738697,0.3881390585698752,0.807639111911764
XGBoost,1.1131891003584218,1.0550777698152976,0.6524588088393212,0.8897241708084745
AdaBoost,71.91616492273874,8.480339906085058,6.488500795337238,0.8521804061665105
Gradient Boosting,1.1428994201742766,1.0690647408713265,0.745852715790344,0.849716809100125
Ridge,34.08381077947028,5.838134186490602,3.91862890150966,0.8215546155020895
Voting Ensemble,5.221567599862484,2.285074965917417,1.596840395552829,0.8087061849877059
Stacking Ensemble,0.6915420596526222,0.8315900790970405,0.4778180349099948,0.9498286477228725
